{"name":"e30f4540-aa4f-416c-a4f4-8dc5cdf97062","id":"/providers/Microsoft.Flow/flows/e30f4540-aa4f-416c-a4f4-8dc5cdf97062","type":"Microsoft.Flow/flows","properties":{"apiId":"/providers/Microsoft.PowerApps/apis/shared_logicflows","displayName":"copy","definition":{"metadata":{"workflowEntityId":null,"processAdvisorMetadata":null,"flowChargedByPaygo":null,"flowclientsuspensionreason":"None","flowclientsuspensiontime":null,"flowclientsuspensionreasondetails":null,"creator":{"id":"8352a4f1-226b-45d9-9915-8c941a877efc","type":"User","tenantId":"b5f2fa5a-d8fb-4908-bfba-b10999e9208e"},"provisioningMethod":"FromDefinition","failureAlertSubscription":true,"clientLastModifiedTime":"2024-09-08T06:47:40.203361Z","connectionKeySavedTimeKey":"2024-09-08T06:47:40.203361Z"},"$schema":"https://schema.management.azure.com/providers/Microsoft.Logic/schemas/2016-06-01/workflowdefinition.json#","contentVersion":"undefined","parameters":{"$authentication":{"defaultValue":{},"type":"SecureObject"},"$connections":{"defaultValue":{},"type":"Object"}},"triggers":{"manual":{"type":"Request","kind":"Button","inputs":{"schema":{"type":"object","properties":{},"required":[]}}}},"actions":{"Get_files_(properties_only)":{"runAfter":{},"type":"OpenApiConnection","inputs":{"parameters":{"dataset":"https://rashadev.sharepoint.com/sites/Academy","table":"2e4d19ec-da4e-4b8b-97fa-d9bee41c5557","folderPath":"/Shared Documents/General/Recordings"},"host":{"apiId":"/providers/Microsoft.PowerApps/apis/shared_sharepointonline","connectionName":"shared_sharepointonline","operationId":"GetFileItems"},"authentication":{"value":"@json(decodeBase64(triggerOutputs().headers['X-MS-APIM-Tokens']))['$ConnectionKey']","type":"Raw"}}},"For_each":{"foreach":"@outputs('Get_files_(properties_only)')?['body/value']","actions":{"Create_file":{"runAfter":{"Get_file_content_using_path":["Succeeded"]},"type":"OpenApiConnection","inputs":{"parameters":{"folderPath":"/Class/Power%20Platform/TeamsRecs","name":"@items('For_each')?['{FilenameWithExtension}']","body":"@body('Get_file_content_using_path')"},"host":{"apiId":"/providers/Microsoft.PowerApps/apis/shared_onedrive","connectionName":"shared_onedrive-1","operationId":"CreateFile"},"authentication":{"value":"@json(decodeBase64(triggerOutputs().headers['X-MS-APIM-Tokens']))['$ConnectionKey']","type":"Raw"}},"runtimeConfiguration":{"contentTransfer":{"transferMode":"Chunked"}}},"Get_file_content_using_path":{"type":"OpenApiConnection","inputs":{"parameters":{"dataset":"https://rashadev.sharepoint.com/sites/Academy","path":"/Shared Documents/General/Recordings/@{items('For_each')?['{FilenameWithExtension}']}","inferContentType":true},"host":{"apiId":"/providers/Microsoft.PowerApps/apis/shared_sharepointonline","connectionName":"shared_sharepointonline","operationId":"GetFileContentByPath"},"authentication":{"value":"@json(decodeBase64(triggerOutputs().headers['X-MS-APIM-Tokens']))['$ConnectionKey']","type":"Raw"}}}},"runAfter":{"Get_files_(properties_only)":["Succeeded"]},"type":"Foreach"}}},"connectionReferences":{"shared_sharepointonline":{"connectionName":"8a3e330f468447999bd3306080f00e0f","source":"Invoker","id":"/providers/Microsoft.PowerApps/apis/shared_sharepointonline","tier":"NotSpecified"},"shared_onedrive-1":{"connectionName":"shared-onedrive-6945c4af-3a33-4ed4-b9a2-331cdc4303c3","source":"Invoker","id":"/providers/Microsoft.PowerApps/apis/shared_onedrive","tier":"NotSpecified"}},"flowFailureAlertSubscribed":false,"isManaged":false}}